AF3,F7,F3,FC5,T7,P7,O1,O2,P8,T8,FC6,F4,F8,AF4,eyeDetection
float,float,float,float,float,float,float,float,float,float,float,float,float,float,bool
,,,,,,,,,,,,,,
4271.79,4004.62,4249.74,4117.95,4343.08,4616.41,4078.97,4626.15,4206.67,4218.97,4205.64,4267.69,4589.23,4347.18,0
4338.46,4046.67,4271.28,4136.41,4348.72,4625.13,4073.33,4616.92,4189.74,4218.97,4190.77,4277.95,4608.72,4389.74,0
4311.28,4018.97,4264.62,4117.95,4348.21,4635.38,4083.08,4631.79,4203.59,4248.72,4207.18,4289.74,4620,4373.85,0
4281.54,3997.44,4265.64,4136.92,4346.15,4620.51,4071.79,4612.31,4201.54,4224.62,4206.15,4268.21,4608.21,4337.95,0
4281.54,3992.82,4240,4105.64,4322.05,4609.23,4061.03,4616.92,4199.49,4224.1,4211.28,4265.64,4595.38,4348.72,1
4269.74,3986.67,4253.33,4103.59,4330.77,4616.92,4085.64,4604.1,4192.82,4211.28,4192.31,4275.38,4573.33,4321.54,0
4298.97,4020,4270.26,4136.92,4332.82,4615.38,4044.1,4609.23,4201.03,4228.21,4205.64,4276.41,4622.56,4358.46,1
4356.92,4064.62,4266.67,4121.03,4336.41,4618.97,4075.38,4596.41,4172.82,4207.69,4181.03,4275.38,4584.1,4386.67,0
4277.95,3976.41,4246.15,4121.03,4351.28,4633.33,4081.03,4629.74,4206.15,4232.82,4204.62,4262.56,4605.13,4341.03,0
4281.03,4003.08,4231.79,4110.77,4324.62,4600,4052.31,4595.38,4181.03,4206.15,4167.69,4246.67,4566.67,4336.41,1
4303.08,4004.62,4253.33,4128.72,4339.49,4621.03,4071.28,4604.1,4194.87,4245.13,4205.64,4287.69,4614.87,4381.03,0
4280.51,3986.15,4247.69,4107.18,4334.36,4603.08,4051.28,4625.64,4208.72,4225.13,4215.9,4277.44,4598.46,4350.77,1
4262.56,3977.44,4243.08,4075.38,4321.03,4609.23,4054.36,4600,4183.59,4221.54,4169.74,4256.92,4577.95,4337.44,0
4300.51,4025.13,4258.46,4134.36,4318.97,4585.13,4069.74,4594.36,4175.9,4216.92,4174.87,4278.46,4594.87,4352.31,0
4264.62,4032.82,4232.82,4111.79,4334.36,4604.1,4060.51,4596.41,4173.85,4197.95,4171.79,4245.64,4563.08,4320,0
4347.18,4006.67,4296.92,4151.79,4384.62,4666.67,4111.28,4654.36,4232.82,4253.33,4201.54,4299.49,4604.1,4378.46,1
4279.49,3976.41,4252.82,4083.59,4348.21,4630.26,4088.72,4626.67,4210.77,4246.67,4213.33,4280,4600.51,4357.95,0
4284.62,4001.54,4266.67,4102.05,4341.03,4626.67,4090.77,4631.79,4215.38,4242.05,4211.28,4286.15,4602.05,4350.26,0
4267.69,3963.08,4228.72,4102.56,4318.46,4616.92,4083.59,4610.26,4195.38,4223.59,4175.9,4262.56,4595.38,4342.56,1
4310.77,3971.28,4257.44,4135.9,4326.67,4611.79,4066.67,4602.56,4192.31,4212.31,4168.21,4278.97,4613.33,4386.15,1
4258.97,3979.49,4245.13,4106.67,4333.33,4634.87,4093.85,4630.77,4210.26,4231.79,4193.33,4273.33,4589.23,4334.36,0
4269.23,4018.46,4254.36,4118.97,4334.36,4616.41,4041.54,4613.85,4208.72,4228.72,4194.87,4266.15,4609.23,4338.97,1
4299.49,3991.28,4262.05,4124.1,4338.46,4616.41,4062.56,4618.46,4198.46,4238.46,4207.18,4273.33,4607.69,4348.21,0
4263.59,4013.85,4250.26,4117.95,4335.38,4607.69,4040,4599.49,4186.67,4224.62,4192.31,4264.62,4609.74,4323.08,1
4312.82,4004.1,4275.9,4135.38,4326.15,4611.28,4066.67,4622.56,4203.08,4224.62,4195.38,4283.59,4613.33,4373.33,1
4287.69,4012.31,4263.08,4127.18,4335.38,4617.95,4076.41,4601.54,4209.23,4245.64,4202.56,4269.23,4603.59,4336.92,1
4316.92,4011.28,4267.18,4123.08,4338.97,4600,4048.21,4602.05,4177.95,4223.59,4184.62,4270.77,4601.54,4367.69,1
4375.9,4076.92,4322.56,4181.03,4408.72,4701.03,4134.87,4684.1,4272.31,4307.18,4286.67,4351.28,4682.05,4437.95,0
4291.79,4013.85,4263.59,4106.15,4327.18,4617.95,4084.1,4604.62,4196.41,4213.85,4187.18,4271.28,4572.82,4356.41,0
4285.13,3975.38,4266.15,4115.9,4348.72,4633.33,4084.62,4641.03,4216.41,4248.72,4216.41,4287.69,4622.56,4353.85,0
4278.46,4001.03,4262.05,4108.21,4341.54,4614.87,4071.79,4623.08,4205.64,4228.21,4192.82,4274.36,4589.74,4333.85,0
4294.87,4013.33,4261.54,4125.64,4357.95,4602.56,4045.13,4596.41,4189.23,4224.62,4188.21,4267.18,4596.92,4355.9,1
4220.51,4006.67,4207.69,4089.74,4329.74,4610.26,4050.77,4603.59,4173.85,4177.44,4147.18,4232.31,4530.77,4269.74,0
4289.74,4000.51,4248.72,4112.31,4344.1,4615.9,4066.15,4610.77,4181.03,4225.13,4192.31,4267.69,4592.82,4341.03,1
4280.51,4027.69,4264.62,4121.03,4342.56,4617.95,4051.28,4601.54,4194.36,4232.82,4205.64,4273.85,4622.56,4349.74,1
4316.41,4009.23,4281.03,4151.79,4355.9,4635.38,4067.18,4632.82,4216.41,4259.49,4229.23,4295.9,4628.72,4383.59,0
4409.74,4113.33,4384.62,4232.82,4452.82,4748.72,4165.64,4721.03,4312.31,4352.82,4319.49,4384.62,4719.49,4464.62,0
4264.62,4024.1,4248.72,4126.15,4335.38,4621.03,4098.97,4601.03,4188.21,4187.18,4150.26,4255.9,4520.51,4298.97,1
4289.23,3959.49,4250.77,4086.67,4321.54,4588.21,4085.13,4613.33,4206.15,4246.15,4226.67,4284.1,4646.15,4391.79,1
4327.18,4008.21,4272.31,4125.64,4330.77,4614.87,4068.21,4626.67,4196.92,4221.03,4193.85,4275.38,4584.62,4374.36,1
4267.18,3986.15,4239.49,4107.18,4345.13,4611.79,4067.69,4601.54,4190.77,4222.05,4194.36,4267.69,4601.54,4340,1
4297.44,4054.87,4264.1,4136.41,4355.9,4630.26,4063.59,4600.51,4203.08,4225.13,4189.23,4266.67,4614.87,4347.18,0
4331.28,4030.26,4295.9,4155.38,4387.69,4663.08,4116.41,4660,4244.62,4264.1,4212.82,4308.21,4634.87,4385.64,1
4293.85,3989.23,4250.77,4104.62,4332.82,4603.08,4052.31,4605.64,4188.21,4222.56,4197.95,4268.72,4586.15,4350.26,1
4280.51,3976.92,4263.59,4107.69,4335.38,4627.18,4076.41,4626.67,4210.77,4233.33,4210.26,4286.15,4610.77,4350.77,0
4263.08,3957.95,4244.1,4096.92,4322.56,4600,4048.21,4613.33,4188.21,4205.64,4183.59,4262.05,4560.51,4322.56,1
4307.18,4005.13,4274.36,4113.85,4351.79,4627.18,4100.51,4623.59,4196.92,4233.33,4212.82,4283.59,4614.36,4378.46,1
4337.95,3980,4265.64,4104.62,4336.41,4631.28,4112.82,4636.92,4224.1,4244.1,4243.08,4315.9,4656.41,4405.13,1
4305.13,4026.15,4278.97,4140,4349.23,4628.72,4086.15,4623.59,4203.08,4250.77,4202.05,4275.9,4609.74,4358.46,1
4301.03,4008.21,4264.1,4102.56,4331.28,4609.74,4050.26,4611.79,4194.87,4234.36,4194.36,4265.13,4603.59,4341.54,1
4289.74,4034.36,4273.33,4121.54,4353.33,4621.03,4108.21,4627.69,4212.82,4229.23,4218.97,4295.9,4620.51,4360,1
4375.9,4026.67,4281.54,4120,4319.49,4602.56,4051.28,4611.79,4193.33,4237.44,4237.95,4308.21,4653.85,4446.15,1
4271.79,4006.15,4261.03,4115.9,4344.1,4618.97,4080,4617.95,4196.41,4225.64,4190.26,4265.64,4589.74,4327.69,0
4441.03,4075.38,4298.46,4144.1,4351.28,4624.62,4073.33,4588.21,4184.1,4257.44,4241.03,4317.44,4674.36,4472.31,0
4275.9,3980,4241.03,4101.54,4332.31,4613.85,4064.62,4632.31,4201.03,4240.51,4210.77,4266.15,4588.21,4341.03,1
4292.31,3967.18,4228.21,4105.64,4327.69,4615.38,4075.38,4614.36,4206.15,4246.15,4191.28,4274.36,4620.51,4374.36,1
4314.36,4014.87,4281.03,4138.97,4344.62,4614.87,4060,4622.05,4200,4243.59,4194.87,4287.69,4622.56,4372.31,1
4293.33,3992.31,4270.77,4112.31,4321.03,4613.85,4056.92,4605.13,4197.95,4231.79,4201.54,4286.67,4618.97,4353.85,0
4256.92,3992.31,4263.59,4129.23,4333.85,4618.46,4066.15,4610.26,4192.31,4198.46,4169.74,4263.59,4556.92,4315.9,0
4291.79,3992.82,4265.13,4099.49,4330.26,4611.79,4044.62,4606.15,4184.1,4226.15,4193.33,4276.92,4600.51,4363.08,1
4275.9,4023.59,4249.23,4108.72,4338.46,4616.92,4043.08,4595.9,4187.18,4235.9,4198.46,4262.05,4620,4332.31,1
4306.67,4010.26,4280,4121.03,4330.26,4600.51,4047.69,4610.77,4197.95,4227.69,4209.74,4287.69,4603.08,4371.28,1
4311.79,4000,4266.67,4108.72,4334.36,4613.85,4063.08,4615.38,4213.85,4234.36,4208.21,4276.41,4610.26,4373.85,1
4301.03,4016.92,4278.97,4129.23,4346.67,4616.41,4083.59,4621.03,4213.33,4245.64,4222.56,4291.28,4615.38,4386.67,1
4215.38,4014.87,4203.59,4098.97,4334.87,4618.46,4055.9,4605.64,4184.62,4186.67,4154.36,4230.26,4543.08,4270.26,0
4309.74,4005.13,4263.59,4127.69,4348.21,4621.54,4077.95,4610.26,4215.9,4242.56,4215.38,4292.82,4620.51,4367.69,0
4291.79,3990.26,4244.62,4107.69,4338.97,4614.87,4055.38,4603.59,4200.51,4227.18,4182.05,4272.31,4613.33,4352.31,0
4240.51,4035.38,4216.92,4114.87,4335.38,4617.44,4051.79,4595.38,4179.49,4190.26,4160,4230.26,4556.41,4294.87,0
4298.46,3993.85,4252.82,4108.21,4325.64,4625.64,4078.97,4615.38,4205.64,4234.87,4202.56,4278.46,4592.31,4371.79,0
4385.13,4088.72,4344.62,4197.95,4420.51,4714.87,4140,4697.95,4285.13,4328.21,4297.44,4363.59,4695.38,4450.77,0
4286.15,3971.79,4266.15,4098.97,4357.44,4634.36,4093.33,4626.15,4203.59,4233.85,4212.31,4282.56,4622.05,4372.82,1
4285.13,3992.82,4262.56,4100,4331.28,4613.85,4055.9,4612.31,4193.85,4228.21,4162.56,4265.64,4593.85,4354.36,0
4267.18,3971.28,4246.15,4097.44,4318.46,4604.62,4057.44,4612.82,4179.49,4214.87,4190.77,4266.15,4570.26,4328.21,1
4301.54,4023.59,4260,4127.18,4344.1,4625.64,4070.26,4587.18,4190.26,4228.21,4183.08,4274.87,4602.56,4362.05,0
4284.1,4020.51,4278.97,4137.44,4344.1,4634.87,4101.03,4630.26,4212.82,4207.69,4180,4284.1,4549.74,4346.15,1
4277.44,3989.23,4256.41,4103.59,4341.54,4621.54,4067.18,4611.28,4198.46,4224.1,4198.97,4274.36,4596.41,4334.87,0
4290.26,4004.1,4269.74,4124.62,4330.26,4598.97,4064.62,4622.56,4208.21,4226.15,4214.87,4284.1,4598.46,4370.26,0
4340.51,4042.05,4279.49,4129.74,4328.72,4616.41,4060.51,4612.82,4206.67,4238.97,4218.46,4301.54,4630.26,4398.46,0
4306.67,3996.41,4269.74,4119.49,4334.36,4626.67,4081.03,4604.62,4201.54,4233.33,4204.62,4287.69,4597.44,4382.56,0
4275.38,3973.85,4249.74,4106.67,4328.72,4611.28,4083.08,4603.59,4198.97,4220.51,4191.28,4280.51,4583.59,4337.95,0
4282.05,3982.56,4232.82,4093.85,4335.9,4618.97,4057.44,4616.92,4209.74,4221.54,4198.46,4256.41,4604.1,4342.56,0
4315.38,4008.21,4281.54,4125.13,4348.21,4624.62,4058.97,4605.64,4189.74,4235.9,4181.03,4282.56,4607.18,4367.18,0
4290.26,3999.49,4264.62,4114.36,4338.46,4623.59,4070.26,4634.87,4212.82,4249.23,4204.62,4284.1,4608.21,4361.54,0
4434.36,4109.23,4314.87,4164.62,4347.18,4617.95,4065.64,4596.92,4201.03,4224.62,4227.69,4307.69,4665.64,4463.59,1
4300,4045.13,4263.08,4117.44,4352.31,4620.51,4070.77,4604.62,4212.31,4227.69,4206.67,4277.44,4612.31,4352.31,0
4385.64,4064.1,4347.69,4202.56,4425.13,4701.03,4150.77,4686.15,4264.62,4303.08,4293.85,4357.95,4701.03,4452.31,1
4300,3992.31,4277.95,4123.08,4335.38,4616.92,4061.03,4629.23,4206.67,4242.05,4202.05,4292.31,4596.41,4366.15,1
4375.9,4071.28,4345.13,4194.36,4407.18,4686.67,4136.41,4670.77,4255.9,4277.44,4267.18,4338.97,4680,4446.67,1
4320,4018.97,4280.51,4128.72,4333.85,4627.18,4071.79,4627.69,4216.41,4237.44,4206.15,4289.23,4625.64,4387.18,1
4491.79,4129.23,4336.41,4186.15,4347.18,4606.67,4060.51,4597.44,4175.38,4210.77,4243.08,4330.77,4680.51,4518.46,0
4267.69,3990.77,4264.1,4111.79,4335.38,4620,4074.36,4602.56,4191.28,4204.1,4161.54,4272.31,4536.92,4320.51,1
4309.74,3998.46,4258.97,4126.15,4336.41,4622.56,4082.05,4606.67,4214.36,4236.92,4203.59,4283.08,4605.64,4352.82,0
4289.23,4018.46,4261.03,4125.13,4351.28,4629.23,4082.05,4605.64,4191.28,4214.36,4199.49,4263.59,4590.26,4363.08,0
4301.03,4016.92,4251.28,4121.54,4326.15,4589.23,4080,4597.44,4183.08,4223.59,4182.05,4276.92,4600.51,4350.77,0
4300,4008.72,4263.08,4121.54,4340,4620,4056.41,4627.69,4217.44,4251.79,4212.82,4280.51,4616.41,4369.23,1
4278.46,3980.51,4234.36,4101.54,4331.79,4613.33,4049.23,4627.18,4208.21,4234.87,4191.79,4268.72,4574.36,4338.46,1
4334.36,3970.77,4262.05,4120,4336.41,4600,4064.1,4592.82,4177.44,4218.97,4188.72,4280.51,4586.15,4381.54,1
4297.95,4006.67,4264.62,4101.03,4345.13,4630.77,4081.54,4625.13,4221.54,4251.28,4221.54,4286.15,4615.38,4365.13,0
4278.97,4000,4248.72,4112.31,4324.62,4606.15,4037.95,4609.74,4197.95,4227.69,4193.33,4257.95,4606.15,4344.62,1
4261.03,4005.13,4233.33,4107.18,4348.72,4624.62,4106.67,4603.08,4201.54,4222.56,4187.18,4261.03,4572.82,4311.79,0
4295.38,4021.54,4267.18,4137.95,4349.74,4619.49,4072.31,4609.74,4197.95,4222.56,4201.54,4266.67,4588.21,4359.49,1
4310.26,3998.46,4277.95,4134.87,4355.38,4630.26,4085.64,4643.08,4200,4234.36,4228.21,4296.92,4634.87,4370.26,0
4315.9,4049.23,4275.9,4163.59,4347.69,4623.59,4082.56,4617.95,4197.44,4244.1,4204.62,4271.79,4611.28,4355.38,1
4313.33,3989.23,4265.13,4101.03,4323.59,4610.77,4076.92,4631.79,4209.23,4238.46,4199.49,4281.54,4591.79,4371.79,1
4269.74,3990.77,4243.59,4112.82,4320,4614.36,4046.67,4603.59,4185.64,4205.64,4178.46,4261.03,4597.95,4324.1,1
4281.03,4007.69,4250.77,4113.85,4337.44,4611.28,4040,4585.64,4168.72,4201.03,4179.49,4257.44,4602.05,4326.15,1
4298.46,3996.92,4261.54,4107.69,4338.97,4618.46,4052.82,4612.82,4198.97,4222.56,4197.95,4267.69,4590.26,4340,1
4321.54,4034.87,4288.72,4160,4372.82,4646.15,4102.56,4676.92,4221.54,4241.54,4222.56,4292.82,4617.95,4369.23,0
4280,3972.31,4245.64,4104.62,4335.38,4605.64,4067.69,4600.51,4181.54,4227.69,4194.87,4264.62,4596.92,4340,1
4274.87,3966.67,4246.67,4090.26,4316.41,4587.18,4042.56,4606.67,4182.05,4230.26,4192.82,4261.03,4591.28,4347.18,0
4280.51,3991.79,4241.03,4085.13,4333.85,4615.38,4096.41,4620.51,4201.03,4217.44,4178.97,4280.51,4613.85,4342.05,1
4406.15,4038.97,4305.64,4139.49,4356.92,4630.77,4086.67,4634.87,4221.03,4271.79,4270.77,4330.26,4745.64,4504.62,0
4400,4030.77,4263.08,4139.49,4347.69,4614.87,4073.85,4581.03,4174.36,4227.69,4222.05,4292.31,4646.67,4453.33,1
4368.72,4054.36,4316.92,4185.64,4409.74,4676.41,4140,4664.1,4244.1,4280.51,4252.82,4319.49,4668.21,4419.49,1
4296.41,3996.92,4268.72,4121.54,4337.95,4618.97,4099.49,4623.59,4207.69,4244.1,4206.67,4278.97,4614.36,4350.26,1
4327.69,4026.15,4269.23,4126.15,4324.62,4609.74,4072.31,4612.31,4207.69,4231.79,4210.26,4284.1,4609.23,4385.64,0
4366.15,4013.85,4298.97,4137.44,4361.03,4632.82,4088.21,4643.08,4242.56,4290.77,4272.82,4323.08,4724.1,4468.72,1
4309.23,4008.72,4262.56,4108.72,4330.77,4623.08,4092.31,4600.51,4190.26,4230.26,4200.51,4285.64,4594.87,4390.26,0
4288.21,4002.56,4248.72,4122.05,4351.28,4623.08,4058.46,4612.82,4208.21,4234.87,4208.21,4273.33,4605.64,4343.59,0
4267.18,3994.36,4245.64,4107.18,4333.85,4622.56,4084.62,4614.87,4196.41,4218.46,4189.23,4264.62,4573.33,4306.67,0
4284.62,4000.51,4252.31,4101.03,4324.62,4601.54,4089.23,4607.18,4187.18,4214.36,4194.87,4273.33,4587.69,4359.49,1
4299.49,4001.03,4276.41,4116.41,4335.9,4620.51,4050.77,4615.9,4194.87,4232.31,4188.72,4278.46,4609.23,4369.23,0
4317.95,4011.28,4277.44,4127.18,4337.44,4610.26,4062.56,4610.77,4204.62,4233.85,4206.67,4276.41,4602.56,4357.44,1
4292.31,4024.62,4266.67,4131.28,4338.97,4618.97,4074.87,4612.31,4209.23,4217.44,4193.33,4278.46,4606.15,4347.69,0
4295.9,4005.13,4263.59,4120,4336.92,4615.9,4050.77,4614.36,4183.59,4215.9,4196.92,4275.38,4578.46,4358.97,1
4292.31,3982.05,4258.97,4109.23,4321.54,4612.31,4075.9,4602.05,4189.23,4213.85,4192.82,4277.44,4596.92,4349.74,0
4272.82,3988.21,4246.67,4108.21,4324.1,4620.51,4063.59,4624.62,4205.64,4230.77,4202.05,4269.74,4605.64,4334.87,0
4281.03,3993.85,4264.62,4107.18,4333.85,4606.15,4044.1,4615.38,4208.21,4225.64,4201.54,4278.46,4589.74,4348.21,1
4282.56,3989.23,4249.74,4109.23,4338.97,4620,4079.49,4620,4196.92,4228.21,4200.51,4267.18,4595.9,4327.69,0
4286.67,3976.92,4261.03,4119.49,4326.15,4601.54,4038.97,4579.49,4178.97,4213.85,4190.26,4273.85,4605.13,4340,1
4288.72,4045.64,4263.59,4152.31,4363.59,4641.03,4084.62,4637.95,4193.33,4218.46,4186.67,4269.74,4564.62,4318.97,0
4313.85,4011.28,4276.41,4119.49,4331.79,4620.51,4066.67,4620,4208.72,4233.85,4215.38,4266.15,4610.77,4366.67,1
4291.28,3994.36,4262.05,4116.92,4335.9,4617.44,4063.08,4613.33,4199.49,4226.15,4212.31,4280,4609.23,4373.85,0
4324.62,3966.15,4268.72,4104.62,4338.97,4620.51,4102.56,4641.54,4223.08,4242.56,4244.1,4317.95,4663.08,4405.64,1
4304.62,4008.72,4263.08,4123.59,4360,4637.44,4087.18,4618.46,4208.21,4246.67,4220,4267.69,4633.33,4381.54,1
4333.33,4032.82,4302.05,4136.92,4361.03,4648.21,4088.21,4637.44,4208.72,4255.38,4236.41,4296.41,4632.31,4388.72,0
4278.97,3995.9,4254.36,4124.62,4341.54,4622.56,4085.64,4609.74,4190.26,4236.92,4195.38,4264.1,4599.49,4338.97,1
4269.74,4022.05,4245.64,4122.05,4325.64,4604.1,4063.59,4611.79,4187.69,4189.74,4172.31,4252.31,4561.03,4317.95,0
4284.62,4003.08,4250.26,4115.9,4359.49,4627.18,4075.38,4611.28,4201.54,4227.69,4197.95,4264.1,4608.72,4340.51,0
4275.9,3995.38,4244.62,4085.64,4340.51,4627.18,4082.05,4633.33,4212.82,4237.95,4206.67,4268.72,4602.05,4350.77,0
4273.33,3997.44,4254.36,4119.49,4334.36,4612.31,4066.15,4605.64,4191.28,4215.9,4209.23,4274.36,4591.28,4352.31,0
4303.59,4055.38,4261.03,4139.49,4352.31,4632.31,4077.44,4628.72,4224.62,4234.36,4193.85,4284.1,4609.23,4350.26,0
4290.77,4005.13,4264.62,4109.23,4336.41,4603.08,4035.9,4605.13,4187.69,4235.38,4196.41,4270.26,4609.74,4361.03,0
4299.49,4004.62,4264.62,4126.67,4354.87,4635.38,4087.69,4639.49,4236.41,4276.92,4229.23,4293.33,4636.41,4374.87,1
4314.87,3993.85,4276.41,4120,4345.64,4617.44,4067.18,4623.08,4211.28,4238.97,4203.59,4288.21,4594.36,4364.62,1
4307.69,4008.72,4261.54,4134.87,4366.15,4651.79,4080,4641.54,4223.08,4246.15,4227.18,4291.28,4618.46,4365.64,0
4308.72,4028.21,4253.33,4098.97,4339.49,4624.1,4108.72,4619.49,4212.31,4229.23,4216.41,4286.15,4620.51,4370.77,1
4295.38,3991.79,4267.69,4121.03,4327.69,4625.64,4082.05,4613.85,4197.95,4229.74,4198.46,4286.15,4591.79,4368.72,0
4278.97,3996.92,4253.33,4120.51,4342.05,4615.38,4059.49,4627.18,4210.77,4231.79,4186.67,4264.62,4594.87,4337.95,1
4308.72,4016.41,4266.15,4121.54,4333.85,4616.92,4075.38,4617.95,4201.54,4220,4189.74,4269.23,4594.36,4358.97,1
4313.85,4017.44,4280,4140.51,4347.69,4612.82,4056.92,4618.46,4198.46,4238.46,4203.08,4285.13,4616.92,4370.26,1
4288.72,4016.92,4260.51,4104.62,4335.9,4617.44,4054.36,4615.38,4193.85,4230.77,4191.28,4267.18,4576.41,4347.69,1
4285.13,3998.46,4265.64,4117.95,4347.69,4619.49,4086.67,4608.21,4194.87,4222.56,4207.69,4273.33,4591.79,4356.92,1
4209.74,4051.28,4233.33,4124.62,4334.36,4613.33,4070.26,4594.87,4171.79,4190.77,4133.33,4223.08,4493.85,4236.41,0
4351.79,4060,4274.87,4155.9,4333.85,4602.56,4055.38,4594.87,4183.59,4205.64,4189.74,4285.13,4596.92,4397.95,1
4299.49,4007.18,4263.59,4127.18,4345.64,4606.67,4048.72,4616.41,4197.44,4233.85,4208.21,4289.23,4609.74,4361.03,1
4291.28,3973.85,4246.67,4087.18,4333.85,4613.85,4089.74,4627.18,4211.28,4216.41,4171.79,4288.72,4608.72,4364.1,1
4295.9,4003.59,4264.1,4107.69,4337.44,4630.26,4060.51,4612.31,4199.49,4224.1,4195.38,4264.1,4584.1,4341.03,0
4313.33,4001.54,4277.95,4136.92,4338.46,4609.74,4091.79,4631.28,4214.36,4227.18,4211.79,4288.72,4624.62,4370.77,0
4313.85,4068.72,4273.33,4136.92,4355.38,4626.67,4082.05,4594.87,4185.64,4216.41,4197.95,4276.92,4612.82,4360.51,0
4310.77,4021.03,4260.51,4109.23,4336.41,4616.92,4109.23,4611.79,4203.59,4227.69,4206.67,4289.74,4617.44,4365.13,1
4282.05,4045.64,4250.77,4136.41,4340.51,4610.26,4047.18,4593.85,4179.49,4190.26,4161.54,4250.26,4554.87,4321.03,0
4280.51,4025.64,4250.26,4124.62,4340,4616.92,4042.05,4598.97,4194.87,4221.03,4196.41,4261.54,4618.97,4351.28,1
4283.08,3991.28,4263.08,4104.1,4334.87,4608.21,4068.72,4625.13,4208.72,4237.44,4208.72,4281.54,4592.82,4357.95,0
4286.15,4044.1,4260.51,4119.49,4342.05,4626.67,4073.85,4606.15,4192.31,4217.95,4189.74,4268.72,4603.08,4351.28,0
4306.67,4023.59,4267.18,4128.72,4352.31,4626.67,4082.05,4604.62,4197.95,4239.49,4201.03,4282.56,4584.62,4344.62,0
4225.13,4061.54,4236.41,4150.26,4333.85,4609.23,4055.9,4587.69,4172.82,4193.85,4128.21,4225.64,4495.9,4247.69,0
4271.79,3980.51,4264.1,4116.41,4326.67,4614.36,4081.54,4615.38,4192.31,4226.15,4189.23,4271.28,4575.38,4322.05,0
4288.72,3974.87,4244.62,4107.18,4331.28,4611.28,4054.36,4604.62,4187.18,4234.36,4194.87,4262.05,4592.31,4345.13,0
4329.23,4009.23,4289.23,4148.21,4350.26,4586.15,4096.92,4641.03,4222.05,4238.46,4211.28,4280.51,4635.9,4393.85,0
4286.67,3973.85,4272.82,4123.59,4335.9,4620.51,4069.74,4635.9,4223.08,4240,4201.03,4286.15,4589.23,4345.64,1
4363.08,3996.92,4281.54,4135.9,4317.95,4601.54,4070.26,4597.95,4176.92,4226.15,4190.26,4300,4653.85,4434.87,1
4284.1,3988.72,4263.08,4109.74,4321.54,4618.46,4067.18,4606.67,4194.87,4237.95,4208.21,4277.44,4621.54,4351.28,0
4291.28,3992.82,4266.67,4121.54,4331.79,4624.1,4065.13,4625.64,4208.21,4251.79,4225.13,4290.26,4627.18,4372.31,0
4264.62,3971.28,4248.21,4092.82,4342.05,4621.54,4070.26,4628.21,4203.08,4236.41,4212.31,4272.82,4602.56,4333.85,0
4298.97,4009.23,4254.36,4107.69,4344.62,4581.54,4096.41,4626.67,4207.18,4239.49,4206.15,4275.38,4594.36,4352.31,0
4292.82,3998.46,4260.51,4124.62,4331.79,4618.46,4066.15,4623.08,4207.69,4230.77,4211.79,4281.03,4602.56,4355.38,1
4301.03,4056.41,4266.15,4126.15,4351.28,4625.64,4072.31,4604.62,4200,4219.49,4183.08,4275.38,4602.56,4338.46,0
4299.49,3994.87,4277.44,4138.97,4352.31,4628.72,4059.49,4642.56,4220,4253.85,4217.44,4297.44,4606.15,4367.69,1
4274.87,3986.15,4255.9,4102.56,4326.15,4623.08,4054.87,4616.41,4190.26,4208.21,4187.69,4281.54,4602.05,4349.23,0
4271.28,3994.87,4262.05,4118.46,4346.67,4622.56,4074.36,4624.62,4207.18,4221.54,4185.64,4266.15,4575.38,4329.23,0
4315.38,4007.18,4276.92,4135.38,4351.79,4626.67,4094.36,4625.13,4205.64,4230.77,4218.97,4285.64,4620,4387.18,1
4313.85,4019.49,4277.95,4135.38,4356.41,4639.49,4087.18,4627.18,4203.59,4244.62,4226.15,4288.21,4617.44,4376.92,0
4229.74,4024.1,4230.26,4122.05,4343.59,4613.85,4054.36,4588.21,4164.1,4162.05,4111.79,4227.69,4454.36,4247.69,0
4293.33,3994.87,4254.36,4116.41,4337.44,4596.41,4092.31,4609.74,4193.33,4211.79,4186.67,4252.82,4597.95,4347.69,0
4329.23,4002.56,4285.64,4131.79,4355.9,4634.87,4087.69,4626.67,4220,4265.13,4228.72,4308.21,4637.95,4389.23,1
4274.36,3985.13,4248.72,4104.62,4318.97,4606.67,4068.21,4611.79,4202.05,4226.15,4192.31,4275.38,4583.08,4355.38,0
4304.62,4031.79,4257.95,4128.72,4357.44,4628.72,4092.82,4615.38,4190.77,4233.33,4207.18,4266.15,4581.03,4357.95,1
4387.18,4066.67,4327.69,4183.08,4397.95,4661.03,4123.08,4660.51,4236.92,4258.46,4218.46,4318.46,4632.31,4417.44,1
4291.28,4000.51,4258.97,4132.31,4357.44,4629.23,4062.56,4623.08,4205.13,4235.9,4201.54,4276.41,4601.54,4353.85,1
4312.82,3992.82,4268.21,4101.54,4322.05,4600,4056.41,4605.13,4200.51,4222.56,4209.23,4289.23,4606.15,4369.74,1
4292.82,4005.64,4249.23,4104.62,4343.59,4625.64,4064.1,4630.26,4216.41,4245.64,4179.49,4268.21,4612.82,4360,1
4279.49,3986.67,4253.33,4113.33,4338.97,4616.92,4067.18,4610.77,4197.44,4218.97,4204.1,4271.28,4603.08,4336.41,0
4247.69,3963.08,4230.77,4103.08,4327.69,4606.15,4038.97,4612.82,4192.31,4221.54,4175.38,4254.36,4556.92,4314.36,1
4267.69,3971.79,4252.31,4099.49,4335.9,4617.44,4067.18,4619.49,4222.05,4233.85,4186.15,4272.82,4589.23,4333.85,0
4320,4022.05,4289.23,4122.56,4350.77,4640,4095.9,4641.03,4211.28,4255.38,4235.38,4299.49,4624.1,4385.64,0
4242.05,4005.13,4230.26,4103.08,4336.92,4612.82,4059.49,4606.15,4178.46,4208.21,4162.05,4249.74,4535.9,4278.46,1
4267.69,4006.67,4248.72,4120.51,4329.74,4625.64,4074.36,4596.41,4184.62,4225.64,4181.03,4260.51,4590.26,4322.56,0
4319.49,3988.21,4262.56,4113.33,4339.49,4627.69,4102.56,4624.1,4211.28,4220,4175.38,4300,4617.44,4379.49,1
4249.23,3982.05,4247.18,4107.69,4334.36,4621.54,4080.51,4610.77,4198.46,4219.49,4180.51,4256.41,4564.62,4307.18,0
4289.74,4012.82,4273.33,4130.77,4333.85,4617.95,4081.03,4613.85,4195.9,4223.59,4202.05,4282.05,4609.23,4352.31,0
4279.49,3983.59,4264.1,4105.64,4347.69,4632.31,4107.69,4623.59,4200,4222.56,4202.56,4271.28,4586.15,4353.85,1
4286.15,3986.15,4270.26,4122.05,4338.46,4616.92,4063.08,4613.85,4211.79,4231.28,4210.77,4276.41,4614.87,4340,0
4292.31,4001.54,4268.72,4118.97,4342.56,4622.56,4072.82,4629.74,4213.85,4229.23,4220.51,4290.26,4616.92,4369.23,0
4303.59,3997.95,4246.67,4094.87,4326.67,4622.05,4065.13,4614.36,4200.51,4223.59,4198.46,4260,4592.82,4349.74,0
4397.95,4113.33,4294.87,4155.38,4347.18,4614.87,4064.62,4602.56,4198.97,4212.31,4199.49,4299.49,4612.82,4422.05,1
4315.38,4042.56,4273.33,4142.56,4341.03,4586.67,4088.72,4609.23,4198.97,4235.9,4182.56,4291.28,4606.15,4365.13,0
4341.03,4033.85,4295.9,4144.1,4358.97,4630.77,4094.36,4619.49,4195.38,4233.85,4227.69,4300,4624.62,4400,1
4292.82,3983.59,4262.56,4110.26,4345.13,4633.33,4084.62,4642.05,4223.59,4241.54,4218.46,4279.49,4626.67,4349.23,1
4317.44,3993.85,4274.87,4104.1,4328.21,4618.46,4083.08,4630.26,4203.59,4232.82,4202.56,4284.62,4596.41,4371.79,1
4281.54,4001.54,4245.64,4120,4334.87,4595.9,4080.51,4592.82,4178.46,4214.87,4191.79,4257.95,4605.64,4347.69,0
4441.03,4120,4321.03,4183.59,4349.74,4613.85,4069.74,4607.69,4182.05,4224.62,4211.79,4313.33,4664.1,4484.1,0
4261.54,3965.13,4256.41,4109.74,4340,4617.95,4063.59,4610.77,4190.77,4206.15,4163.08,4260.51,4575.38,4320.51,0
4333.85,4062.05,4258.46,4154.87,4355.38,4621.03,4063.59,4610.77,4193.85,4222.05,4217.95,4283.59,4606.67,4379.49,0
4282.05,3991.79,4249.23,4116.41,4340.51,4617.95,4060,4602.05,4181.54,4217.95,4195.9,4264.62,4600.51,4334.36,0
4279.49,3986.67,4263.59,4112.82,4340,4629.23,4073.33,4614.36,4198.97,4218.97,4189.23,4275.9,4583.59,4342.56,0
4383.59,3988.21,4299.49,4135.9,4349.23,4627.69,4080,4612.82,4208.72,4257.44,4235.9,4316.92,4662.56,4445.64,1
4279.49,4011.79,4236.92,4107.18,4322.05,4600,4063.08,4614.36,4181.03,4214.36,4196.41,4259.49,4591.28,4330.77,0
4286.15,3984.62,4248.21,4122.56,4341.54,4620,4052.82,4606.15,4201.03,4220.51,4172.31,4264.62,4595.38,4345.64,0
4268.21,4014.87,4232.31,4110.26,4348.72,4616.41,4069.74,4614.87,4186.15,4219.49,4177.44,4262.56,4561.03,4329.74,0
4318.46,3955.9,4249.23,4093.33,4339.49,4604.1,4076.41,4597.44,4184.1,4222.05,4188.21,4276.92,4576.41,4361.54,1
4252.31,4038.46,4260,4127.18,4341.54,4614.87,4068.72,4587.18,4168.21,4209.74,4165.64,4252.82,4545.64,4286.67,1
4327.69,4043.59,4265.64,4123.08,4350.26,4615.38,4103.59,4622.56,4227.69,4246.15,4236.92,4298.46,4632.31,4381.03,1
4296.92,4057.44,4266.15,4129.74,4347.69,4627.69,4071.28,4602.05,4201.54,4221.03,4200,4271.28,4600.51,4343.59,0
4296.41,4007.69,4262.56,4119.49,4331.28,4611.28,4052.82,4611.79,4184.62,4213.85,4195.9,4272.82,4567.18,4348.72,1
4291.79,4027.18,4259.49,4138.46,4333.85,4605.13,4067.18,4611.79,4189.74,4213.33,4190.26,4274.36,4600,4347.69,0
4294.36,4004.62,4276.41,4126.15,4334.87,4613.85,4080.51,4600,4194.87,4224.62,4202.05,4289.23,4597.95,4359.49,0
4282.56,3998.97,4260.51,4114.87,4335.38,4610.26,4056.41,4607.18,4190.77,4215.38,4193.33,4266.67,4587.18,4354.36,0
4319.49,4027.18,4265.13,4138.46,4348.21,4637.44,4087.18,4600,4194.87,4244.1,4205.13,4287.18,4612.82,4388.21,0
4273.33,4022.05,4250.26,4116.41,4337.95,4628.21,4057.44,4614.87,4205.13,4225.13,4193.85,4263.59,4610.26,4335.9,1
4284.62,3986.67,4249.74,4108.72,4334.36,4619.49,4054.87,4617.95,4200,4237.95,4195.38,4272.82,4596.41,4351.28,1
4294.87,4007.18,4260,4105.13,4347.69,4631.79,4068.21,4620.51,4214.87,4252.31,4211.79,4280.51,4609.23,4368.72,0
4333.85,4042.56,4326.15,4147.18,4364.62,4664.62,4110.77,4658.46,4242.05,4267.69,4245.13,4303.59,4648.72,4398.46,0
4318.97,4019.49,4250.26,4127.18,4347.69,4621.03,4072.31,4602.56,4207.69,4257.44,4215.38,4292.31,4622.05,4387.18,0
4280,4009.74,4248.21,4114.87,4327.69,4612.31,4059.49,4588.72,4172.31,4208.72,4182.05,4263.08,4583.08,4333.85,0
4289.23,4027.69,4268.21,4140,4348.21,4630.77,4086.67,4623.08,4213.85,4253.33,4211.28,4279.49,4610.77,4348.21,1
4288.72,3993.85,4265.64,4113.33,4337.44,4615.9,4065.13,4619.49,4202.56,4234.87,4166.15,4271.79,4596.92,4349.74,1
4308.72,4000,4263.08,4126.67,4343.08,4629.74,4061.54,4616.41,4206.67,4249.23,4225.13,4277.95,4616.92,4366.67,0
4300.51,4005.64,4264.1,4120.51,4326.67,4604.62,4070.26,4587.69,4174.87,4213.85,4144.1,4274.87,4596.41,4355.38,0
4376.41,4077.44,4342.05,4196.41,4394.36,4689.74,4113.33,4674.87,4260,4297.95,4276.92,4348.72,4682.05,4436.41,0
4273.85,3959.49,4248.21,4106.15,4337.44,4618.46,4061.03,4616.41,4213.85,4242.56,4217.44,4277.44,4633.85,4360.51,0
4272.82,4010.77,4230.26,4103.08,4328.72,4607.18,4066.15,4608.72,4190.77,4216.92,4190.26,4260,4595.38,4333.33,0
4286.67,4010.77,4264.1,4123.08,4342.56,4617.44,4083.08,4611.79,4202.05,4237.44,4211.28,4282.56,4606.67,4369.74,1
4313.33,4007.18,4248.72,4110.77,4321.03,4596.41,4063.08,4593.85,4185.13,4216.92,4191.28,4268.21,4602.05,4374.87,1
4284.62,3991.79,4251.28,4122.05,4334.36,4616.41,4080.51,4628.72,4200,4220,4165.64,4267.18,4596.41,4350.77,1
4324.62,3991.79,4274.36,4117.44,4347.69,4626.67,4081.54,4609.74,4191.79,4242.56,4213.33,4284.62,4634.36,4391.28,1
4422.56,4083.59,4306.67,4165.64,4325.13,4601.54,4061.54,4596.92,4173.33,4221.03,4224.62,4314.87,4651.79,4477.95,0
4316.92,4068.21,4285.13,4156.92,4386.15,4646.15,4099.49,4657.95,4233.33,4260.51,4226.15,4300.51,4646.67,4377.95,1
4297.44,4008.21,4260,4117.44,4348.72,4615.9,4045.64,4610.77,4194.87,4224.1,4208.72,4267.18,4609.74,4348.21,1
4280.51,3980.51,4246.67,4100,4335.9,4619.49,4046.67,4611.28,4183.08,4217.44,4189.74,4262.05,4586.67,4343.59,1
4280,3990.26,4246.15,4108.21,4331.79,4588.21,4035.38,4604.1,4193.33,4241.03,4192.31,4255.9,4598.46,4351.28,0
4293.85,4026.15,4256.41,4135.9,4351.79,4622.56,4079.49,4602.05,4184.62,4221.03,4191.28,4256.92,4584.62,4363.59,1
4271.79,3990.26,4262.56,4111.79,4320.51,4605.13,4046.67,4626.67,4197.44,4203.08,4188.21,4269.23,4577.44,4334.87,1
4289.23,4045.13,4248.72,4133.85,4345.13,4617.44,4065.13,4595.38,4181.54,4196.92,4179.49,4255.9,4591.28,4339.49,0
4287.18,4000.51,4266.67,4106.67,4334.87,4614.87,4086.15,4614.87,4195.9,4221.03,4193.85,4277.95,4587.69,4357.44,1
4278.46,3983.59,4259.49,4115.38,4325.64,4601.03,4046.15,4621.03,4183.59,4217.44,4203.08,4277.95,4582.05,4349.23,1
4303.08,4007.69,4263.08,4136.41,4344.1,4628.21,4059.49,4608.21,4205.64,4236.92,4216.92,4267.69,4597.44,4351.28,0
4295.38,4003.59,4278.46,4133.33,4332.31,4616.92,4048.21,4616.92,4196.92,4221.54,4145.64,4268.21,4588.21,4355.38,0
4310.26,4020,4265.13,4136.41,4338.46,4608.21,4057.95,4592.82,4186.67,4207.18,4191.28,4273.33,4595.38,4375.38,1
4322.56,4032.82,4296.92,4170.77,4378.97,4651.79,4098.97,4643.08,4228.21,4240.51,4206.67,4297.44,4629.23,4382.56,1
4298.46,4001.03,4259.49,4111.79,4343.08,4624.1,4070.26,4619.49,4207.69,4236.92,4194.36,4276.41,4598.97,4353.85,0
4348.72,3984.62,4280.51,4136.41,4330.26,4615.38,4075.38,4610.77,4196.41,4237.44,4188.72,4305.64,4641.54,4420,1
4275.9,4008.21,4255.38,4126.15,4327.69,4613.85,4053.33,4576.92,4164.62,4209.23,4172.82,4258.97,4573.85,4329.23,0
4277.44,3990.26,4247.18,4107.18,4330.26,4602.05,4056.92,4616.41,4204.62,4233.85,4214.36,4275.38,4602.05,4348.21,1
4312.82,4020.51,4278.46,4141.54,4346.67,4618.46,4068.21,4610.77,4200,4233.85,4197.44,4268.21,4603.59,4362.05,1
4260,3976.41,4228.21,4104.1,4325.64,4604.1,4050.77,4633.33,4214.87,4223.08,4203.59,4264.62,4588.21,4337.95,1
4286.15,3984.62,4265.64,4117.95,4314.36,4598.97,4055.9,4600.51,4184.1,4197.44,4175.9,4274.87,4580,4343.59,1
4298.46,4024.1,4262.05,4126.15,4335.38,4618.46,4057.95,4589.23,4166.15,4211.28,4182.56,4266.67,4567.18,4350.77,1
4277.44,4060.51,4268.21,4167.18,4367.18,4641.54,4079.49,4645.13,4193.85,4221.03,4183.59,4267.69,4561.03,4310.77,0
4321.54,4041.03,4263.59,4114.36,4351.79,4629.74,4109.74,4637.44,4229.74,4240.51,4230.26,4299.49,4627.18,4383.59,1
4304.1,4026.67,4277.95,4141.03,4364.62,4634.36,4091.79,4672.31,4207.18,4226.15,4214.36,4288.21,4612.82,4349.74,0
4312.82,4034.87,4282.56,4138.46,4351.28,4640,4087.69,4642.56,4218.46,4250.77,4200,4293.33,4627.18,4383.59,0
4322.05,4031.79,4282.56,4124.62,4352.82,4632.82,4121.54,4628.72,4234.87,4250.26,4220.51,4296.92,4633.85,4388.72,1
4279.49,3980.51,4251.28,4106.15,4334.87,4624.1,4062.56,4640.51,4237.95,4255.9,4210.77,4284.1,4587.18,4343.59,1
4285.64,4017.44,4260,4106.67,4343.08,4618.97,4051.28,4615.9,4192.31,4228.72,4194.36,4261.54,4584.1,4355.38,1
4297.44,3995.38,4251.79,4109.23,4333.85,4628.21,4062.05,4616.41,4208.21,4247.69,4220.51,4280.51,4633.85,4368.21,0
4303.59,4060.51,4271.28,4122.56,4363.59,4627.18,4062.05,4597.44,4201.54,4237.95,4201.03,4286.15,4618.97,4365.13,0
4309.23,4006.67,4278.97,4135.38,4328.21,4614.87,4071.79,4629.74,4214.87,4235.38,4195.9,4283.08,4615.9,4372.31,1
4304.1,4039.49,4263.59,4114.36,4344.62,4624.62,4081.54,4610.26,4196.41,4212.82,4202.56,4278.46,4607.69,4363.08,0
4298.46,4020,4251.79,4122.56,4348.72,4571.79,4091.79,4610.26,4196.92,4237.95,4208.21,4281.03,4600,4356.41,0
4280.51,4037.95,4263.08,4157.95,4344.62,4615.9,4067.18,4597.95,4192.82,4211.79,4167.69,4268.21,4557.95,4326.67,1
4283.08,3990.26,4263.08,4121.54,4326.15,4610.26,4070.26,4609.74,4178.97,4224.62,4202.56,4273.33,4600,4330.77,0
4269.23,4016.41,4260.51,4121.54,4340.51,4617.95,4072.82,4623.08,4193.85,4218.97,4183.08,4270.26,4547.69,4328.21,0
4315.9,4013.85,4269.74,4121.03,4325.64,4595.9,4081.54,4613.33,4200,4226.15,4206.67,4286.15,4610.26,4384.1,1
4280,3996.92,4247.18,4125.13,4349.74,4624.1,4090.77,4628.21,4213.85,4252.82,4209.23,4262.56,4619.49,4343.59,1
4294.36,3994.36,4248.72,4111.28,4346.67,4623.08,4058.97,4591.79,4187.18,4227.69,4208.21,4264.1,4606.67,4361.54,0
4294.36,3991.79,4268.72,4121.03,4340,4618.97,4060.51,4613.33,4203.08,4229.74,4206.67,4274.36,4607.18,4342.05,0
4326.67,4038.97,4280.51,4148.72,4334.36,4604.1,4066.67,4620.51,4204.62,4232.31,4200.51,4291.79,4621.03,4384.1,0
4317.44,4040,4262.05,4120,4347.69,4625.64,4118.46,4610.26,4212.31,4230.26,4214.36,4292.31,4621.54,4367.18,1
4273.85,3986.15,4243.59,4113.85,4323.08,4620,4057.44,4611.28,4204.1,4229.74,4201.03,4273.85,4608.21,4349.74,0
4370.77,4049.74,4280,4147.69,4338.46,4614.87,4048.72,4585.13,4176.41,4219.49,4216.92,4286.15,4627.18,4413.85,0
4363.59,4054.36,4361.54,4153.33,4376.92,4672.31,4118.97,4658.97,4237.95,4285.13,4258.46,4327.18,4655.38,4411.28,0
4301.54,4054.36,4254.36,4120,4350.26,4629.23,4076.41,4605.13,4201.54,4224.1,4200.51,4271.79,4616.92,4360,0
4269.23,3985.64,4249.23,4102.56,4334.36,4619.49,4057.44,4616.41,4200.51,4221.54,4191.79,4264.62,4590.77,4334.36,0
4271.79,4026.15,4273.85,4134.87,4374.36,4648.72,4098.97,4644.1,4220,4234.36,4209.23,4282.05,4616.41,4335.38,0
4285.64,4011.28,4254.36,4118.46,4345.13,4610.26,4044.62,4598.46,4186.15,4226.15,4196.41,4267.69,4584.1,4350.77,1
4235.38,4003.08,4233.85,4103.59,4345.64,4627.69,4072.31,4620,4180,4214.36,4168.21,4248.72,4541.54,4277.44,1
4287.18,3990.26,4253.33,4102.56,4338.97,4618.46,4051.79,4611.28,4192.31,4222.05,4207.18,4260.51,4589.23,4341.03,0
4286.67,3995.9,4253.33,4109.74,4329.74,4617.95,4056.41,4626.15,4201.54,4233.33,4204.1,4284.1,4605.13,4363.08,0
4389.74,4004.62,4264.1,4122.05,4356.41,4602.56,4080,4600,4197.95,4255.9,4234.36,4304.1,4663.59,4457.95,1
4277.95,3973.85,4252.31,4102.05,4321.54,4619.49,4086.67,4630.26,4215.38,4242.56,4197.44,4276.41,4586.15,4351.28,0
4281.54,3994.36,4261.03,4118.46,4342.56,4616.41,4060.51,4609.23,4196.41,4224.1,4176.41,4271.79,4592.31,4337.44,1
4266.15,4000.51,4246.67,4122.05,4337.44,4611.79,4050.26,4594.87,4179.49,4211.79,4193.33,4257.95,4577.95,4333.33,0
4286.15,4031.79,4256.41,4134.36,4330.26,4607.18,4057.44,4600,4176.41,4220,4204.1,4265.64,4608.72,4346.15,0
4295.38,4013.85,4255.9,4138.46,4341.03,4616.92,4067.69,4586.67,4186.67,4232.82,4195.9,4274.36,4594.87,4353.33,1
4238.97,4003.59,4236.41,4103.59,4342.56,4615.9,4044.62,4616.41,4181.54,4225.13,4177.95,4247.69,4556.92,4294.36,0
4277.44,3969.23,4264.1,4117.95,4329.74,4616.92,4056.92,4626.67,4198.97,4224.1,4197.44,4260,4584.62,4344.1,0
4331.79,4053.33,4263.59,4116.92,4349.23,4630.26,4106.67,4627.18,4219.49,4243.59,4236.41,4301.03,4640.51,4394.36,1
4298.46,4003.08,4264.1,4118.46,4330.26,4610.77,4048.72,4613.33,4190.77,4231.28,4202.56,4279.49,4581.03,4354.87,1
4362.56,4035.38,4304.62,4177.95,4391.28,4672.31,4133.33,4662.56,4238.97,4266.67,4204.62,4314.87,4614.36,4394.87,1
4304.1,4006.67,4273.85,4121.54,4335.9,4616.41,4066.67,4630.26,4209.74,4238.46,4191.28,4287.69,4611.28,4367.69,1
4286.15,3991.79,4265.13,4115.38,4342.05,4606.67,4053.85,4626.67,4197.95,4227.18,4214.87,4291.79,4605.13,4358.46,1
4325.13,4047.18,4287.18,4151.79,4353.33,4648.21,4089.23,4612.82,4197.44,4238.46,4203.59,4285.13,4599.49,4382.05,1
4288.72,4017.95,4278.46,4141.54,4349.23,4615.38,4061.54,4610.77,4198.46,4226.15,4212.82,4276.41,4602.56,4354.36,0
4312.31,4016.41,4246.67,4123.08,4342.05,4629.23,4090.77,4608.72,4203.08,4250.77,4208.21,4285.64,4610.77,4383.08,0
4250.77,3989.23,4241.03,4114.36,4344.1,4614.36,4061.54,4604.1,4184.62,4220,4189.74,4248.21,4582.56,4315.38,0
4299.49,4007.69,4265.64,4110.26,4341.03,4617.44,4048.72,4610.26,4196.41,4241.03,4182.05,4268.72,4608.72,4370.26,0
4285.64,3965.64,4260,4126.15,4343.08,4632.31,4054.36,4618.97,4211.79,4226.67,4196.41,4273.33,4580.51,4339.49,0
4283.59,3995.38,4245.64,4116.92,4330.26,4615.9,4053.85,4602.56,4201.54,4223.08,4198.46,4270.26,4617.95,4344.1,1
4291.79,4020.51,4250.77,4107.18,4349.23,4628.21,4081.03,4609.74,4194.87,4222.56,4196.41,4256.92,4596.41,4354.87,1
4307.18,4024.62,4277.95,4120.51,4336.92,4621.03,4052.31,4621.54,4196.92,4240.51,4169.74,4267.18,4607.18,4369.74,0
4368.21,4049.23,4294.36,4140,4341.54,4612.82,4062.56,4586.15,4186.67,4209.23,4193.33,4292.31,4625.13,4408.21,1
4281.03,3987.18,4260.51,4105.64,4339.49,4619.49,4068.21,4593.33,4193.33,4216.92,4197.95,4273.85,4595.9,4347.18,0
4286.15,3997.95,4269.74,4128.72,4328.21,4616.92,4056.41,4611.79,4194.87,4224.62,4194.36,4270.77,4603.08,4350.26,0
4280,4003.08,4246.67,4098.97,4341.54,4612.82,4049.23,4596.92,4184.1,4216.92,4197.44,4270.77,4618.46,4338.97,1
4296.41,3950.77,4263.08,4120.51,4335.38,4632.31,4060.51,4617.95,4213.85,4240,4213.33,4278.46,4612.31,4355.9,0
4304.1,4008.72,4266.15,4132.31,4347.69,4624.62,4058.46,4612.82,4203.08,4232.31,4209.74,4282.56,4595.9,4354.87,0
4294.87,3992.82,4273.85,4116.92,4335.9,4617.95,4048.72,4600.51,4192.82,4237.95,4170.77,4270.77,4603.08,4361.03,0
4382.56,4054.87,4349.23,4188.72,4422.05,4705.13,4165.64,4683.08,4266.67,4305.13,4291.79,4349.23,4696.92,4454.87,1
4295.38,4007.18,4250.26,4117.95,4345.13,4606.15,4085.13,4627.18,4208.21,4237.44,4215.9,4284.62,4618.46,4365.13,0
4258.97,4048.21,4264.1,4151.79,4387.69,4646.67,4090.77,4630.77,4215.9,4230.26,4191.79,4263.08,4591.79,4303.59,0
4287.69,3994.87,4265.64,4123.08,4332.31,4618.97,4044.62,4616.41,4197.44,4211.28,4192.31,4283.59,4608.21,4362.56,0
4292.31,3987.18,4277.44,4097.44,4328.72,4610.77,4070.77,4620.51,4195.9,4230.26,4203.59,4292.82,4590.77,4359.49,0
4270.77,4009.74,4231.28,4109.23,4329.74,4613.33,4076.92,4611.79,4184.62,4194.36,4185.64,4250.26,4574.36,4323.59,0
4305.64,4021.03,4270.26,4128.21,4350.77,4627.18,4074.36,4608.21,4181.54,4218.46,4196.41,4273.33,4578.46,4371.79,1
4451.28,4137.44,4301.54,4171.79,4329.74,4600,4056.41,4618.46,4193.33,4221.03,4210.26,4305.13,4657.95,4495.38,0
4313.33,4018.46,4261.03,4134.36,4326.67,4590.77,4047.18,4580.51,4169.74,4199.49,4170.26,4259.49,4580.51,4361.03,1
4398.46,4114.87,4311.28,4171.79,4341.03,4605.64,4071.28,4587.69,4170.26,4196.92,4204.62,4301.54,4592.82,4439.49,1
4274.36,3980,4248.72,4097.95,4334.87,4616.92,4066.67,4623.59,4194.87,4230.26,4209.23,4275.9,4594.87,4344.62,0
4317.44,4007.69,4257.44,4128.72,4343.59,4585.13,4088.21,4638.97,4231.79,4247.69,4209.23,4269.74,4625.13,4386.15,0
4293.85,3999.49,4263.08,4107.18,4337.44,4618.46,4060,4620,4211.28,4234.87,4205.64,4277.44,4612.82,4354.36,0
4305.13,4010.26,4259.49,4132.31,4327.69,4570.26,4086.15,4611.28,4197.95,4214.87,4196.41,4283.59,4595.38,4352.31,0
4282.05,3988.72,4243.59,4090.77,4326.15,4607.69,4042.56,4610.26,4190.77,4230.77,4192.31,4267.18,4594.36,4351.28,1
4299.49,4044.1,4284.1,4158.46,4371.28,4647.69,4085.13,4641.54,4209.74,4229.23,4206.67,4288.21,4606.67,4350.77,0
4259.49,3971.28,4251.28,4106.67,4332.31,4630.26,4091.28,4631.79,4217.44,4229.23,4195.38,4274.36,4586.67,4340,0
4278.46,3980,4262.56,4124.62,4348.21,4634.36,4084.62,4624.1,4198.97,4220,4191.79,4267.18,4590.77,4335.9,0
4302.05,3992.31,4264.62,4107.69,4328.72,4615.9,4078.46,4612.31,4196.41,4238.97,4197.44,4293.33,4592.82,4344.1,1
4262.56,3980,4236.92,4117.44,4315.9,4610.77,4040,4595.9,4185.64,4209.74,4178.46,4253.85,4598.46,4315.9,1
4332.31,4018.97,4292.31,4135.38,4343.08,4616.92,4064.62,4628.21,4207.69,4245.13,4215.9,4292.31,4610.77,4374.36,1
4298.97,3961.54,4248.72,4089.74,4332.31,4603.08,4091.28,4629.74,4221.54,4250.26,4241.54,4295.38,4660,4408.21,1
4288.21,4000.51,4256.41,4090.26,4335.38,4627.18,4086.67,4628.72,4214.87,4246.67,4212.82,4280,4604.1,4349.23,0
4338.97,4038.97,4314.36,4153.85,4363.08,4654.36,4101.54,4644.1,4217.95,4252.31,4228.21,4292.31,4629.74,4386.15,0
4300.51,4010.77,4251.28,4126.15,4340,4581.54,4087.69,4589.23,4176.92,4213.85,4187.69,4267.69,4592.82,4350.26,0
4421.03,4094.36,4280.51,4157.44,4343.59,4609.23,4054.36,4579.49,4179.49,4230.77,4209.23,4293.33,4626.15,4452.82,0
4326.15,4023.08,4277.44,4118.97,4325.13,4611.28,4067.69,4609.74,4180.51,4211.28,4194.87,4285.64,4581.03,4374.36,0
4291.28,3992.82,4251.79,4110.77,4344.1,4619.49,4063.08,4604.1,4206.67,4243.59,4213.85,4275.38,4614.36,4361.03,0
4327.69,4044.1,4280.51,4146.15,4362.56,4630.26,4117.95,4608.72,4210.26,4219.49,4206.15,4298.97,4598.46,4368.21,1
4210.26,3967.18,4216.92,4106.15,4340.51,4617.95,4074.87,4598.97,4190.77,4212.82,4171.79,4245.13,4546.15,4277.44,1
4313.33,4021.03,4286.67,4135.9,4375.9,4657.44,4110.26,4656.92,4238.46,4254.87,4223.08,4298.97,4643.59,4384.1,1
4315.38,4004.62,4270.77,4122.56,4356.92,4633.85,4111.79,4633.33,4215.38,4246.15,4223.08,4292.82,4611.28,4387.18,1
4328.21,4025.64,4287.18,4154.87,4363.08,4639.49,4084.1,4627.18,4222.56,4240.51,4217.44,4295.9,4635.9,4379.49,1
4273.85,3992.31,4261.54,4110.26,4327.18,4604.62,4048.72,4620.51,4204.1,4226.67,4185.13,4267.18,4590.26,4337.95,0
4297.95,4006.67,4261.03,4117.44,4337.95,4618.97,4065.13,4616.92,4199.49,4227.69,4174.36,4276.92,4599.49,4356.41,1
4348.21,4010.26,4278.97,4120.51,4317.44,4601.03,4052.31,4613.33,4206.15,4241.03,4237.44,4312.82,4640,4424.62,1
4274.87,3989.74,4247.69,4094.36,4346.15,4631.79,4071.28,4618.46,4213.85,4230.77,4204.62,4264.62,4611.28,4345.64,0
4280,3993.33,4264.62,4108.72,4336.92,4617.44,4078.97,4603.59,4188.72,4207.18,4189.74,4268.72,4587.18,4350.77,0
4286.15,3987.18,4255.38,4098.97,4332.82,4616.92,4046.67,4614.87,4198.97,4234.36,4200,4278.97,4603.08,4356.41,1
4318.97,4044.62,4273.85,4150.77,4346.15,4625.13,4069.23,4601.03,4194.36,4231.28,4197.44,4270.26,4592.31,4354.87,1
4241.03,4026.15,4242.56,4135.9,4343.59,4614.36,4050.26,4592.31,4169.74,4175.9,4134.87,4243.08,4488.21,4264.1,0
4285.13,4028.21,4262.56,4119.49,4332.31,4612.82,4040.51,4591.79,4178.97,4221.54,4193.33,4267.18,4615.38,4342.56,1
4295.9,4002.56,4258.97,4135.38,4347.18,4628.21,4082.05,4634.36,4194.87,4222.56,4208.21,4275.38,4615.38,4361.03,0
4306.15,4022.05,4265.13,4136.41,4361.54,4636.41,4091.79,4621.54,4209.23,4270.26,4225.13,4280.51,4640.51,4366.67,1
4297.95,4004.1,4260,4122.05,4333.85,4621.54,4061.54,4611.28,4195.9,4226.67,4209.74,4273.85,4614.36,4357.44,1
4267.18,3968.21,4244.62,4089.74,4330.77,4612.82,4063.08,4595.38,4184.62,4216.92,4196.92,4262.56,4600.51,4348.72,1
4262.56,4030.26,4238.97,4118.46,4344.62,4618.97,4074.36,4610.77,4197.95,4210.26,4188.21,4252.31,4580,4318.46,0
4324.62,4024.62,4265.13,4119.49,4335.9,4615.9,4068.72,4597.95,4184.62,4226.67,4201.54,4285.13,4596.41,4376.92,0
4291.28,3998.46,4256.41,4110.26,4334.36,4606.67,4068.72,4607.69,4197.95,4224.1,4194.87,4277.44,4629.23,4366.15,1
4286.67,4034.36,4247.18,4115.9,4339.49,4623.08,4073.33,4610.77,4203.59,4213.33,4202.05,4268.21,4597.95,4354.87,0
4284.1,3998.97,4248.21,4104.62,4336.92,4602.05,4064.62,4589.74,4177.95,4215.9,4187.69,4273.85,4617.44,4352.31,1
4296.92,4021.54,4264.62,4112.31,4340.51,4628.21,4063.59,4624.62,4207.18,4230.77,4199.49,4274.36,4600.51,4352.82,0
4300.51,4002.05,4263.59,4129.74,4358.46,4631.28,4083.59,4634.87,4217.44,4251.79,4218.97,4281.03,4623.59,4361.54,0
4316.92,4051.79,4280,4148.21,4352.31,4620.51,4068.72,4592.82,4183.59,4245.64,4206.15,4277.95,4610.77,4364.1,1
4306.67,4017.95,4250.77,4124.1,4350.26,4620,4059.49,4622.05,4207.18,4248.72,4231.28,4287.69,4635.38,4381.54,0
4302.56,4007.18,4270.77,4116.92,4356.41,4625.64,4101.03,4619.49,4198.97,4234.87,4211.28,4279.49,4612.31,4374.36,1
4338.46,4035.38,4298.97,4151.28,4386.67,4662.56,4092.31,4644.1,4240.51,4284.62,4260.51,4317.44,4653.33,4403.59,0
4303.08,4017.44,4246.67,4118.46,4340.51,4623.08,4075.38,4606.15,4207.69,4250.26,4200.51,4274.87,4602.05,4372.82,0
4250.77,4007.69,4241.03,4117.44,4336.41,4585.64,4033.33,4605.13,4173.85,4216.92,4180,4254.87,4561.54,4309.23,0
4362.05,4049.23,4359.49,4152.82,4368.21,4664.1,4108.21,4656.92,4232.82,4275.38,4257.95,4331.79,4665.64,4417.44,0
4307.18,3972.31,4266.67,4103.59,4339.49,4618.97,4100,4615.9,4195.9,4218.46,4207.18,4274.87,4594.87,4376.41,1
4305.64,4018.46,4279.49,4155.38,4340,4612.31,4049.23,4606.67,4201.54,4233.33,4217.95,4286.67,4610.77,4366.67,1
4282.05,4017.95,4242.56,4118.97,4330.77,4606.15,4064.1,4612.82,4193.33,4212.31,4201.54,4264.62,4603.08,4343.59,0
4276.92,3971.79,4249.23,4106.15,4330.77,4615.38,4081.54,4614.87,4199.49,4226.67,4192.31,4270.26,4580,4323.08,0
4287.18,4018.46,4256.92,4124.62,4339.49,4621.54,4071.79,4597.95,4203.59,4247.69,4205.13,4272.82,4609.23,4350.26,1
4292.82,3997.95,4265.13,4107.69,4324.62,4624.1,4064.62,4596.92,4193.33,4227.69,4206.15,4277.95,4616.92,4355.38,0
4283.59,4002.56,4253.33,4102.05,4325.64,4606.15,4054.36,4599.49,4175.9,4217.95,4194.36,4263.59,4582.05,4349.74,1
4287.69,4020,4285.13,4142.05,4371.79,4657.95,4105.13,4661.03,4228.21,4256.41,4228.72,4293.33,4631.79,4358.46,0
4438.46,4070.26,4292.31,4153.85,4328.21,4600,4063.59,4595.38,4199.49,4248.72,4210.26,4328.21,4713.85,4505.64,0
4313.33,4026.15,4262.56,4112.82,4343.59,4620.51,4073.85,4626.67,4230.77,4260.51,4227.69,4294.36,4621.54,4368.21,0
4322.56,4007.18,4278.97,4138.46,4349.23,4640,4074.87,4634.36,4214.87,4261.03,4230.77,4298.46,4629.23,4384.62,0
4303.08,4003.08,4262.56,4127.69,4347.69,4632.31,4064.62,4615.9,4207.69,4224.1,4205.64,4270.26,4591.28,4351.28,0
4309.23,4022.05,4268.21,4123.08,4350.26,4635.38,4077.44,4630.77,4211.79,4242.56,4197.95,4289.74,4614.87,4383.59,0
4281.03,3988.72,4245.13,4104.1,4327.18,4601.03,4046.15,4619.49,4197.95,4229.23,4193.33,4266.15,4574.87,4335.38,1
4282.05,4023.59,4242.56,4117.44,4336.41,4617.95,4062.05,4605.64,4187.18,4222.05,4204.62,4267.69,4607.18,4337.44,0
4317.44,3971.28,4278.46,4097.44,4326.15,4614.87,4087.18,4628.21,4208.21,4231.28,4203.59,4292.82,4594.87,4385.64,1
4250.77,3972.31,4250.26,4104.1,4336.41,4624.62,4094.36,4613.33,4210.77,4233.85,4204.1,4271.28,4594.36,4337.95,0
4287.18,3994.87,4248.21,4122.05,4323.59,4614.87,4056.41,4612.82,4209.23,4244.62,4215.38,4287.18,4618.46,4363.59,0
4307.18,4006.15,4246.67,4112.31,4326.15,4597.95,4056.92,4597.44,4197.44,4227.18,4191.79,4270.26,4604.1,4372.31,1
4250.26,4006.67,4249.23,4137.44,4350.26,4633.85,4109.23,4602.05,4197.44,4210.26,4169.23,4261.54,4544.1,4298.97,0
4289.74,3989.23,4262.56,4119.49,4326.15,4616.92,4072.31,4611.28,4208.72,4231.79,4186.15,4276.92,4593.33,4348.72,0
4278.97,4018.97,4262.05,4108.72,4350.26,4629.74,4080.51,4627.18,4203.59,4233.33,4195.38,4272.31,4572.82,4338.97,0
4286.15,4001.03,4257.95,4106.67,4349.23,4635.38,4074.87,4617.44,4207.69,4236.92,4206.15,4271.28,4600,4351.28,0
4305.64,4022.05,4252.31,4124.1,4340,4632.31,4082.05,4595.9,4194.36,4242.05,4201.03,4281.03,4605.64,4375.9,0
4303.59,3987.69,4263.59,4136.92,4334.36,4615.9,4072.31,4593.33,4196.92,4232.31,4201.54,4289.23,4615.9,4360.51,0
4343.08,3991.79,4275.9,4114.87,4332.31,4623.08,4100.51,4622.56,4207.69,4218.46,4194.36,4303.59,4621.03,4395.9,1
4291.28,3943.59,4248.21,4088.72,4330.77,4612.82,4103.59,4641.03,4228.72,4253.85,4245.64,4310.77,4668.72,4380,1
4246.15,4024.62,4232.31,4126.67,4327.69,4613.85,4046.15,4598.97,4176.41,4198.46,4168.72,4242.05,4572.31,4298.97,0
4270.26,3986.15,4248.72,4086.67,4328.72,4598.97,4046.67,4587.18,4172.82,4211.28,4192.82,4269.74,4608.21,4327.69,1
4278.46,3985.64,4248.72,4105.13,4345.13,4621.54,4071.79,4615.9,4190.26,4223.59,4195.38,4265.13,4603.08,4338.97,0
4294.36,4011.28,4261.54,4112.31,4340,4609.23,4047.69,4620.51,4201.54,4227.18,4202.56,4274.36,4596.41,4352.82,1
4292.82,4018.46,4258.46,4127.18,4338.97,4622.56,4088.21,4603.08,4177.44,4225.13,4194.87,4263.08,4594.87,4344.62,1
4306.67,4013.33,4269.23,4126.67,4334.87,4617.44,4073.33,4622.56,4224.1,4243.59,4206.15,4294.36,4618.97,4382.56,0
4258.97,4013.85,4226.67,4105.13,4343.08,4617.44,4101.54,4595.9,4198.97,4206.15,4175.38,4250.77,4554.36,4312.31,0
4361.54,3934.87,4250.26,4080.51,4321.54,4588.72,4082.05,4633.85,4225.64,4263.59,4292.82,4329.23,4769.74,4467.69,1
4306.15,3995.9,4281.54,4149.23,4345.13,4632.31,4057.95,4622.56,4209.74,4224.62,4203.08,4288.72,4593.85,4350.77,0
4279.49,3995.9,4248.21,4102.56,4332.82,4616.41,4053.33,4613.33,4195.38,4233.85,4188.21,4250.77,4589.74,4341.03,0
4360,3993.85,4278.97,4140.51,4355.9,4633.85,4082.56,4609.74,4206.15,4258.46,4221.54,4300,4637.95,4409.23,1
4278.46,4001.54,4258.97,4121.03,4336.41,4611.28,4057.44,4603.08,4188.21,4211.28,4181.03,4267.69,4575.38,4324.1,0
4292.31,3989.74,4266.15,4107.18,4335.9,4603.08,4047.69,4611.79,4195.38,4244.1,4208.72,4267.18,4611.28,4367.18,0
4274.36,3983.59,4245.64,4109.23,4330.77,4600.51,4053.33,4624.62,4200.51,4218.97,4209.74,4272.31,4589.23,4334.36,1
4234.36,3979.49,4232.31,4106.15,4333.85,4613.33,4064.62,4599.49,4191.28,4211.79,4175.9,4250.77,4558.97,4295.9,0
4450.26,4049.23,4308.21,4145.64,4321.54,4586.15,4074.87,4604.62,4187.18,4243.59,4276.92,4337.44,4746.15,4529.23,0
4270.77,4012.31,4248.21,4097.44,4344.1,4625.64,4104.1,4634.36,4220.51,4223.59,4202.56,4283.59,4608.72,4338.97,1
4312.82,3980,4281.03,4124.1,4355.9,4636.41,4089.74,4642.05,4223.59,4257.95,4234.87,4296.92,4657.95,4408.72,1
4314.87,4008.21,4279.49,4152.82,4360.51,4629.23,4070.77,4623.59,4205.13,4240.51,4221.54,4295.38,4634.87,4386.15,0
4278.97,4014.87,4261.54,4111.79,4337.44,4617.95,4054.87,4611.79,4208.72,4227.18,4194.87,4268.72,4612.31,4341.54,1
4334.87,4021.54,4268.21,4140.51,4317.44,4618.97,4052.31,4609.74,4194.36,4223.59,4215.38,4295.38,4625.64,4392.31,0
4302.56,4004.62,4282.56,4155.38,4358.46,4623.59,4083.08,4629.23,4198.46,4232.82,4208.72,4290.77,4612.82,4350.77,0
4307.18,3996.92,4263.59,4108.21,4338.46,4608.21,4062.56,4627.18,4206.15,4243.08,4201.03,4286.15,4609.74,4377.44,1
4295.9,3997.44,4255.9,4106.67,4329.74,4616.92,4065.64,4624.1,4206.15,4232.31,4190.26,4269.23,4597.44,4348.72,0
4311.79,4030.26,4263.59,4124.62,4350.26,4631.79,4098.46,4617.95,4218.46,4237.95,4209.74,4288.21,4604.62,4358.97,0
4277.44,3963.08,4233.33,4105.13,4319.49,4595.9,4063.59,4591.79,4184.1,4221.03,4176.92,4260,4603.08,4347.69,1
4282.05,3948.21,4229.74,4081.54,4330.26,4600.51,4073.85,4603.08,4197.44,4234.36,4188.72,4258.97,4579.49,4334.36,1
4292.31,4014.87,4266.15,4118.97,4326.15,4616.92,4077.44,4593.85,4182.05,4215.9,4167.69,4276.41,4588.72,4360,0
4405.13,4038.46,4276.92,4119.49,4321.54,4606.15,4057.95,4615.38,4200.51,4244.62,4247.18,4308.21,4680,4482.05,1
4290.26,3984.62,4265.64,4109.23,4340,4617.95,4070.26,4623.59,4203.08,4231.28,4210.77,4290.77,4609.74,4358.97,0
4450.77,4045.13,4289.74,4124.1,4319.49,4586.15,4067.69,4614.87,4206.15,4255.9,4290.77,4348.21,4774.87,4537.44,0
4283.08,4024.62,4266.67,4136.92,4347.69,4628.21,4069.23,4594.87,4187.18,4225.64,4192.82,4270.77,4603.59,4347.69,0
4283.59,3998.97,4254.87,4116.41,4327.18,4602.05,4042.56,4581.54,4171.79,4204.62,4179.49,4265.64,4601.54,4333.33,1
4297.44,4032.82,4247.69,4139.49,4349.23,4617.95,4057.95,4610.26,4188.21,4212.82,4195.9,4271.79,4581.54,4346.15,0
4317.44,4008.21,4277.95,4120.51,4343.08,4613.33,4045.64,4608.72,4198.46,4232.82,4212.82,4281.03,4615.9,4364.62,1
4281.54,3964.1,4252.82,4108.21,4329.74,4609.74,4043.08,4613.85,4193.33,4224.62,4203.59,4264.1,4594.87,4345.64,0
4276.92,4026.67,4245.64,4120.51,4340.51,4628.72,4078.46,4623.59,4207.69,4216.41,4195.38,4263.59,4595.9,4340,0
4295.38,3998.97,4266.15,4135.9,4350.26,4617.95,4070.26,4629.23,4207.18,4236.41,4207.18,4281.03,4609.74,4351.28,0
4333.33,3968.21,4262.05,4089.23,4328.21,4603.08,4091.28,4622.05,4210.77,4244.62,4250.77,4303.59,4692.31,4434.36,1
4272.31,4002.56,4251.79,4123.08,4347.18,4618.46,4074.87,4608.21,4194.87,4221.54,4193.33,4258.97,4601.54,4337.95,0
4326.15,4017.44,4283.08,4137.95,4364.62,4638.97,4102.56,4635.9,4220,4256.41,4232.31,4298.46,4643.59,4402.05,1
4388.21,4095.38,4283.59,4156.92,4341.54,4601.03,4075.9,4608.21,4201.54,4217.44,4201.03,4297.44,4617.95,4432.31,0
4305.13,4017.44,4264.1,4133.33,4336.92,4619.49,4080,4605.64,4213.33,4260,4212.82,4275.38,4609.74,4342.56,1
4295.9,4019.49,4258.97,4118.46,4342.56,4616.41,4071.28,4606.67,4200,4228.72,4202.56,4276.92,4609.23,4355.9,1
4312.82,4001.03,4276.92,4129.74,4353.33,4632.31,4085.64,4628.21,4197.95,4233.33,4219.49,4298.97,4620,4370.77,0
4291.79,3995.38,4264.1,4119.49,4341.54,4605.13,4050.26,4597.44,4184.62,4205.13,4178.46,4271.28,4591.79,4346.15,1
4282.56,4027.18,4248.72,4132.82,4348.72,4630.26,4097.95,4610.26,4203.59,4212.31,4178.97,4258.46,4570.26,4322.05,0
4324.62,4008.21,4280,4117.95,4344.62,4627.18,4078.46,4606.15,4190.77,4260.51,4214.36,4299.49,4616.92,4377.44,0
4431.79,4090.77,4283.59,4173.33,4343.59,4614.87,4080,4595.38,4195.9,4250.26,4234.36,4309.74,4658.97,4483.59,0
4307.18,3951.28,4262.05,4107.18,4315.38,4599.49,4076.92,4621.03,4207.69,4253.85,4194.87,4289.74,4668.21,4401.03,1
4304.1,3998.46,4250.77,4121.54,4320.51,4600,4058.97,4587.69,4186.67,4226.67,4189.23,4274.87,4608.21,4377.44,1
4315.9,4016.92,4265.13,4135.9,4326.67,4600,4065.64,4589.74,4175.38,4200.51,4137.44,4272.82,4592.82,4365.13,0
4289.23,3967.69,4262.05,4095.38,4315.9,4614.87,4083.08,4625.13,4214.36,4238.46,4200,4288.21,4593.85,4359.49,0
4271.28,4005.64,4236.41,4085.64,4343.08,4620.51,4105.64,4626.67,4216.41,4227.18,4190.77,4274.87,4617.44,4333.85,1
4246.15,4004.1,4215.38,4094.87,4340.51,4606.67,4060,4604.1,4168.72,4205.64,4169.74,4236.41,4542.56,4292.31,0
4325.64,4026.15,4277.44,4139.49,4348.21,4624.62,4077.44,4626.15,4212.82,4243.08,4210.77,4285.13,4620.51,4380,1
4298.46,4003.59,4263.59,4121.03,4338.97,4624.1,4070.77,4628.21,4208.21,4238.46,4211.79,4284.62,4589.23,4361.54,0
4266.15,3937.44,4228.21,4081.54,4327.18,4601.54,4064.62,4603.08,4184.62,4222.56,4183.59,4258.46,4567.69,4320.51,1
4201.54,4046.15,4231.28,4132.31,4332.31,4610.26,4052.82,4582.56,4164.62,4185.64,4121.03,4218.97,4475.38,4226.67,0
4266.67,4021.03,4261.03,4149.23,4349.74,4625.13,4101.54,4594.36,4198.97,4216.41,4188.21,4274.87,4572.31,4325.64,0
4336.92,4030.77,4266.67,4134.87,4330.26,4609.74,4078.46,4608.21,4199.49,4226.67,4188.21,4287.69,4623.08,4385.13,0
4283.59,4024.1,4244.62,4121.54,4338.97,4607.69,4053.33,4611.28,4197.44,4235.9,4192.31,4269.74,4580,4336.92,0
4341.03,3983.59,4266.67,4118.46,4355.38,4631.28,4085.13,4614.87,4204.62,4245.64,4207.69,4289.23,4614.36,4378.97,1
4350.26,4044.62,4277.44,4152.82,4354.36,4637.95,4089.74,4611.28,4207.69,4262.56,4219.49,4304.1,4628.72,4421.54,0
4389.23,4066.67,4344.1,4187.69,4422.05,4697.95,4153.85,4674.87,4254.87,4297.95,4295.38,4354.36,4701.03,4458.97,1
4301.03,4010.26,4256.92,4100.51,4352.82,4618.97,4069.74,4614.36,4205.64,4241.03,4205.64,4272.31,4600,4359.49,0
4288.72,3957.95,4278.46,4125.64,4338.46,4635.38,4081.03,4623.08,4198.97,4226.67,4206.15,4294.87,4615.38,4345.64,0
4272.82,4007.69,4254.36,4106.67,4337.95,4623.59,4054.87,4603.59,4190.26,4222.56,4191.28,4268.72,4615.9,4325.13,1
4304.62,3979.49,4265.13,4107.69,4361.03,4631.28,4087.18,4641.03,4220,4255.9,4225.13,4287.18,4646.15,4396.41,1
4431.28,4105.13,4304.62,4171.79,4349.23,4614.87,4050.26,4597.44,4182.56,4214.36,4230.26,4308.21,4664.62,4476.41,0
4357.95,3986.15,4256.92,4118.97,4346.15,4601.03,4060.51,4573.85,4171.79,4220.51,4204.1,4281.03,4610.77,4411.79,1
4397.95,4040,4278.46,4143.59,4357.44,4616.41,4075.38,4612.31,4217.44,4276.41,4246.67,4310.26,4686.15,4457.44,1
4215.38,3967.69,4214.36,4094.36,4331.79,4614.87,4074.36,4610.77,4204.62,4214.36,4171.28,4241.54,4547.69,4290.77,0
4344.1,3966.67,4262.56,4113.85,4321.03,4615.9,4084.1,4624.1,4211.79,4258.46,4206.67,4304.62,4701.54,4438.97,1
4270.26,4002.05,4251.28,4118.46,4354.87,4629.23,4073.33,4611.28,4199.49,4234.36,4200,4264.62,4599.49,4330.26,0
4283.08,3976.92,4250.26,4100,4328.21,4602.05,4035.38,4601.54,4187.18,4233.33,4200,4259.49,4595.38,4349.23,0
4292.31,4007.69,4244.1,4108.72,4335.38,4624.1,4075.38,4596.92,4192.31,4230.26,4189.23,4267.69,4584.1,4366.15,0
4289.23,3990.26,4257.95,4118.97,4343.08,4631.79,4084.62,4632.31,4203.59,4238.46,4208.72,4281.03,4610.26,4358.97,0
4289.74,3980.51,4259.49,4109.74,4345.13,4620.51,4091.28,4606.15,4181.54,4212.82,4197.95,4262.56,4582.56,4359.49,1
4300,4019.49,4277.44,4118.46,4329.23,4621.03,4088.21,4607.18,4199.49,4223.59,4194.87,4283.08,4584.1,4363.59,0
4280,4004.1,4249.74,4106.67,4326.67,4609.23,4041.54,4599.49,4185.13,4215.9,4190.77,4260,4598.46,4334.87,1
4416.92,4106.67,4261.03,4153.33,4334.87,4589.23,4062.56,4604.62,4180,4207.18,4219.49,4292.82,4643.08,4442.05,0
4298.46,4023.08,4245.64,4112.82,4332.82,4601.54,4076.41,4607.18,4193.85,4224.1,4189.23,4272.82,4602.56,4354.87,0
4301.03,4020.51,4267.18,4110.77,4335.9,4615.38,4057.44,4618.46,4206.67,4250.26,4202.56,4280.51,4598.46,4359.49,1
4291.79,4016.92,4257.44,4121.54,4340,4627.69,4078.97,4615.38,4224.62,4249.74,4193.85,4276.41,4612.82,4360,0
4280,4003.59,4250.26,4124.62,4341.03,4617.95,4057.44,4615.9,4191.28,4225.13,4157.95,4253.85,4594.87,4331.79,1
4290.77,4001.54,4263.08,4122.56,4329.23,4606.67,4053.85,4612.31,4189.23,4216.92,4198.97,4275.9,4591.79,4351.79,1
4288.21,3988.72,4261.03,4100.51,4336.92,4620,4105.13,4628.21,4208.72,4208.21,4168.21,4279.49,4603.08,4346.67,1
4321.54,4043.59,4270.26,4124.1,4365.13,4635.9,4120.51,4626.67,4231.79,4255.38,4233.85,4297.95,4635.38,4374.36,1
4294.87,4001.54,4249.74,4122.05,4326.67,4603.59,4060,4595.9,4181.03,4204.1,4181.54,4259.49,4578.46,4346.67,1
4274.87,3993.33,4244.62,4104.62,4336.41,4614.87,4088.21,4605.64,4185.64,4209.23,4190.77,4262.05,4578.97,4356.92,1
4284.62,4020.51,4260,4135.9,4332.82,4614.36,4060,4611.79,4189.74,4216.41,4199.49,4277.44,4601.03,4350.26,0
4306.67,3974.87,4246.67,4090.77,4330.26,4613.85,4097.95,4624.62,4198.97,4210.26,4158.46,4288.72,4599.49,4358.46,1
4295.9,4013.33,4267.18,4121.03,4337.95,4626.67,4081.54,4631.79,4208.72,4240,4207.18,4286.67,4589.74,4355.38,0
4308.21,4027.69,4262.56,4116.92,4356.92,4615.9,4055.38,4626.67,4209.74,4251.79,4207.69,4279.49,4621.54,4368.21,1
4308.72,3991.28,4277.44,4104.62,4328.72,4614.36,4073.85,4624.1,4204.62,4234.87,4198.46,4275.9,4591.28,4359.49,1
4288.21,3998.97,4254.87,4108.21,4337.95,4618.46,4058.97,4624.62,4210.26,4228.72,4205.64,4280,4612.31,4361.03,0
4272.31,3989.23,4262.56,4117.44,4335.9,4612.82,4059.49,4620,4196.92,4214.87,4181.03,4269.74,4581.54,4333.33,0
4404.62,4090.26,4375.9,4230.26,4438.97,4741.03,4165.64,4720,4297.95,4341.03,4320,4395.38,4716.41,4458.46,0
4289.74,4011.79,4261.54,4127.69,4344.62,4628.72,4086.67,4613.33,4187.18,4225.13,4208.72,4272.31,4593.33,4360.51,1
4230.26,4042.05,4227.18,4133.33,4343.08,4619.49,4053.85,4580,4165.64,4197.44,4135.9,4222.56,4506.67,4260,0
4284.1,3985.64,4275.38,4087.69,4330.77,4620.51,4087.69,4631.79,4203.08,4234.87,4210.26,4293.33,4600,4356.92,0
4276.41,3967.18,4258.97,4119.49,4324.1,4607.69,4043.59,4623.59,4212.82,4233.33,4195.9,4275.38,4590.26,4340.51,1
4357.44,3994.36,4273.85,4108.72,4334.87,4604.62,4058.46,4626.15,4232.82,4256.41,4247.18,4301.03,4688.72,4435.38,0
4292.31,4020,4264.1,4137.44,4343.59,4635.9,4066.15,4627.69,4222.56,4244.1,4213.85,4285.13,4608.72,4348.72,0
4289.23,4008.21,4266.15,4128.72,4330.77,4605.13,4065.64,4603.08,4192.82,4211.28,4194.87,4272.31,4592.82,4336.41,0
4295.38,4047.18,4269.74,4135.38,4347.18,4629.74,4066.15,4615.9,4215.9,4229.74,4196.41,4273.33,4598.46,4343.08,0
4361.54,3982.56,4266.67,4127.69,4349.74,4600.51,4067.18,4589.23,4183.08,4230.26,4214.87,4295.38,4627.69,4421.54,1
4336.92,3989.23,4281.54,4110.26,4344.62,4621.03,4081.03,4611.28,4200,4244.62,4211.79,4296.92,4624.62,4396.41,1
4285.64,4002.56,4264.1,4126.67,4334.87,4627.69,4090.77,4608.72,4203.08,4237.95,4190.26,4270.77,4594.36,4336.41,1
4295.9,4013.33,4260.51,4113.33,4330.26,4622.56,4089.23,4607.69,4194.87,4216.92,4184.62,4272.82,4575.38,4351.28,0
4287.18,3985.13,4267.18,4121.54,4336.41,4615.9,4063.08,4622.05,4201.54,4228.21,4192.82,4267.18,4591.79,4353.33,0
4280,3980.51,4264.1,4102.56,4326.15,4608.72,4046.67,4606.15,4191.28,4209.74,4182.56,4269.74,4578.46,4328.21,1
4275.9,4054.36,4281.54,4156.41,4383.59,4654.36,4106.15,4652.31,4222.05,4240,4194.36,4283.08,4597.44,4323.08,1
4274.87,3981.54,4258.97,4121.54,4327.18,4594.36,4042.05,4618.97,4201.03,4217.95,4207.69,4276.92,4591.28,4342.56,1
4292.31,3965.13,4258.97,4100.51,4335.38,4623.59,4074.36,4619.49,4207.18,4235.9,4210.26,4284.62,4630.77,4372.31,0
4295.9,4010.26,4269.74,4105.64,4324.62,4614.87,4054.36,4603.59,4181.03,4224.62,4164.62,4266.15,4589.74,4358.97,0
4300.51,4046.67,4263.59,4117.44,4335.9,4622.05,4075.9,4613.85,4209.74,4223.08,4200.51,4272.31,4606.15,4358.46,0
4308.72,4000,4264.1,4136.41,4320.51,4626.67,4061.03,4631.79,4226.15,4247.69,4218.97,4290.77,4625.13,4372.82,0
4328.21,4011.28,4292.31,4149.23,4381.54,4662.05,4121.54,4662.05,4242.05,4255.9,4206.67,4303.59,4619.49,4377.95,1
4370.77,4056.92,4344.1,4202.56,4414.87,4685.64,4134.87,4667.18,4261.03,4291.79,4282.56,4340.51,4683.08,4433.33,1
4306.15,4009.23,4261.54,4103.59,4328.21,4598.97,4041.54,4594.87,4183.59,4223.59,4198.97,4270.26,4608.72,4351.79,1
4297.44,4052.82,4265.13,4121.54,4337.95,4619.49,4067.18,4598.97,4195.38,4225.64,4194.36,4276.92,4606.67,4354.87,0
4312.82,4003.08,4269.74,4127.18,4342.05,4605.13,4051.79,4611.79,4198.46,4235.38,4196.92,4276.92,4611.79,4373.33,1
4288.72,3974.87,4265.13,4102.05,4325.13,4591.79,4044.62,4609.74,4192.82,4232.82,4202.05,4267.18,4598.97,4352.31,0
4288.21,4005.64,4262.56,4117.44,4345.64,4622.05,4067.69,4609.23,4194.87,4222.56,4205.13,4269.23,4605.13,4350.77,0
4285.13,4032.31,4251.79,4124.62,4348.72,4629.74,4109.23,4609.74,4213.85,4234.36,4198.46,4278.46,4585.13,4336.41,0
4296.41,4048.72,4265.64,4121.03,4342.05,4630.77,4075.9,4626.67,4217.95,4244.62,4212.82,4277.95,4612.31,4349.23,0
4326.15,4051.79,4266.67,4133.33,4357.95,4632.82,4106.67,4638.46,4236.41,4248.21,4232.31,4293.85,4632.82,4381.03,1
4296.41,4004.62,4261.03,4138.46,4331.28,4609.74,4072.82,4596.41,4193.33,4231.28,4201.54,4277.95,4604.62,4349.74,0
4273.85,3974.87,4262.56,4108.72,4315.38,4607.18,4046.15,4611.79,4190.26,4221.54,4186.15,4256.92,4584.1,4338.46,0
4278.97,4017.95,4248.21,4101.03,4338.97,4615.9,4050.77,4598.97,4198.46,4226.67,4193.85,4260.51,4588.72,4333.33,0
4295.38,4003.59,4263.08,4110.77,4345.13,4617.95,4062.56,4633.33,4224.1,4251.28,4188.72,4276.92,4607.69,4360.51,1
4267.18,3977.44,4275.38,4140,4343.08,4623.59,4054.36,4612.31,4205.13,4227.18,4186.67,4276.92,4592.31,4332.31,0
4269.74,3976.92,4237.95,4095.38,4322.05,4604.62,4048.21,4590.26,4168.21,4190.26,4168.21,4252.82,4573.33,4325.64,1
4404.1,4045.64,4277.44,4136.92,4341.03,4615.38,4069.23,4588.72,4191.79,4226.67,4233.33,4296.92,4684.1,4460,0
4298.46,4006.15,4268.72,4126.15,4338.97,4617.44,4075.38,4635.38,4226.67,4254.36,4219.49,4298.97,4603.08,4373.85,0
4288.72,3935.38,4251.79,4108.72,4339.49,4629.74,4061.54,4612.82,4207.18,4233.33,4208.72,4272.82,4597.95,4341.54,0
4297.44,4017.95,4261.54,4124.1,4340.51,4611.28,4080.51,4609.74,4204.62,4248.72,4206.15,4272.31,4604.1,4343.08,1
4297.95,4009.74,4268.21,4141.54,4352.31,4634.87,4076.92,4635.9,4225.13,4238.46,4209.23,4269.23,4593.85,4350.26,0
4306.15,4023.08,4263.59,4127.69,4343.08,4571.28,4082.05,4598.97,4193.85,4223.08,4207.69,4286.67,4601.54,4358.46,0
4260.51,3966.15,4231.28,4083.59,4327.18,4598.97,4058.46,4595.38,4180.51,4222.05,4189.23,4256.92,4598.97,4329.74,1
4290.26,3992.82,4263.59,4129.74,4340,4618.97,4045.64,4607.18,4181.54,4215.9,4190.77,4277.95,4570.77,4342.05,1
4270.77,3991.79,4249.74,4118.97,4333.33,4597.95,4028.72,4600.51,4193.33,4223.08,4198.46,4269.23,4600.51,4342.56,1
4294.36,4008.21,4264.1,4105.64,4337.44,4623.59,4062.56,4615.9,4197.95,4241.03,4164.62,4269.23,4603.08,4357.95,0
4274.36,3973.33,4250.77,4103.08,4332.82,4621.54,4053.85,4625.64,4198.97,4226.67,4199.49,4263.08,4585.64,4343.08,0
4294.36,4007.69,4249.74,4108.72,4341.54,4614.87,4057.44,4608.72,4196.41,4235.38,4197.95,4269.74,4591.79,4366.67,1
4316.92,4017.44,4267.69,4130.26,4329.23,4620.51,4080.51,4624.1,4211.79,4223.59,4193.85,4281.54,4588.21,4366.67,0
4284.62,4021.03,4264.62,4151.79,4350.26,4618.97,4060,4607.69,4190.77,4209.74,4193.33,4259.49,4591.28,4343.08,0
4312.82,4015.38,4278.97,4129.74,4341.03,4623.59,4072.31,4621.03,4202.56,4235.9,4203.08,4281.54,4609.74,4366.67,1
4281.03,3976.92,4253.33,4107.69,4338.46,4626.15,4047.18,4598.46,4179.49,4222.05,4197.44,4262.05,4592.31,4349.23,0
4289.74,4023.59,4254.87,4124.1,4337.44,4617.95,4068.21,4630.26,4203.59,4213.85,4192.82,4269.23,4606.15,4350.77,0
4271.79,3983.08,4244.62,4108.21,4330.26,4617.44,4063.08,4608.21,4174.87,4193.85,4180.51,4253.33,4578.46,4319.49,0
4380.51,4084.62,4299.49,4154.36,4339.49,4602.05,4043.08,4590.26,4189.23,4208.21,4183.08,4290.26,4576.41,4403.59,1
4308.21,3933.33,4249.23,4071.79,4324.62,4606.15,4102.56,4650.26,4237.95,4252.82,4250.26,4309.23,4679.49,4399.49,1
4254.87,3994.87,4234.36,4102.56,4343.59,4616.41,4060.51,4618.97,4214.87,4239.49,4201.54,4266.15,4611.28,4326.67,0
4294.87,3988.21,4258.46,4105.13,4327.18,4616.41,4051.28,4604.1,4194.36,4237.95,4209.23,4269.23,4599.49,4358.46,0
4281.03,3990.77,4265.13,4115.38,4326.15,4610.26,4048.21,4599.49,4175.9,4215.9,4174.87,4275.9,4586.67,4352.31,0
4276.41,3977.44,4261.54,4120.51,4350.77,4629.23,4092.82,4618.46,4201.03,4230.26,4202.05,4256.41,4589.23,4342.56,1
4261.54,3987.69,4249.23,4123.08,4335.38,4615.38,4065.13,4601.54,4185.13,4202.56,4165.13,4259.49,4569.23,4316.41,0
4271.79,3983.08,4253.33,4110.26,4334.36,4602.05,4054.87,4625.64,4210.77,4217.95,4207.18,4282.05,4589.74,4351.79,1
4354.36,3982.56,4266.15,4108.21,4337.44,4625.13,4100.51,4614.36,4209.23,4240.51,4248.72,4314.36,4665.64,4418.46,1
